Year,Month,Variable,101,102
1962,1,precip,26.231833,26.231833
1962,2,precip,36.838173,36.838173
1962,3,precip,16.635289,16.635289
1962,4,precip,67.058964,67.058964
1962,5,precip,133.888725,133.888725
1962,6,precip,83.37505,83.37505
1962,7,precip,126.766335,126.766335
1962,8,precip,99.209145,99.209145
1962,9,precip,83.23849,83.23849
1962,10,precip,21.656309,21.656309
1962,11,precip,16.819995,16.819995
1962,12,precip,27.498943,27.498943
1963,1,precip,13.2649045,13.2649045
1963,2,precip,22.048825,22.048825
1963,3,precip,47.486988,47.486988
1963,4,precip,68.37129,68.37129
1963,5,precip,96.472305,96.472305
1963,6,precip,107.69012,107.69012
1963,7,precip,115.69011,115.69011
1963,8,precip,102.251816,102.251816
1963,9,precip,66.4727,66.4727
1963,10,precip,33.084875,33.084875
1963,11,precip,44.6077,44.6077
1963,12,precip,25.379363,25.379363
1964,1,precip,23.701396,23.701396
1964,2,precip,17.4784136,17.4784136
1964,3,precip,27.208439,27.208439
1964,4,precip,86.829544,86.829544
1964,5,precip,112.77705,112.77705
1964,6,precip,148.86151,148.86151
1964,7,precip,47.122425,47.122425
1964,8,precip,134.82963,134.82963
1964,9,precip,114.11603,114.11603
1964,10,precip,25.017584,25.017584
1964,11,precip,38.034061,38.034061
1964,12,precip,45.789974,45.789974
1965,1,precip,22.834697,22.834697
1965,2,precip,26.719152,26.719152
1965,3,precip,68.479565,68.479565
1965,4,precip,50.33692,50.33692
1965,5,precip,109.91672,109.91672
1965,6,precip,115.475235,115.475235
1965,7,precip,84.96357,84.96357
1965,8,precip,84.07816,84.07816
1965,9,precip,176.63615,176.63615
1965,10,precip,76.07814,76.07814
1965,11,precip,88.43296,88.43296
1965,12,precip,50.9366,50.9366
1966,1,precip,29.794107,29.794107
1966,2,precip,28.386389,28.386389
1966,3,precip,69.142937,69.142937
1966,4,precip,76.12791,76.12791
1966,5,precip,49.044888,49.044888
1966,6,precip,94.05888,94.05888
1966,7,precip,83.8523,83.8523
1966,8,precip,178.2026,178.2026
1966,9,precip,33.290339,33.290339
1966,10,precip,75.85268,75.85268
1966,11,precip,28.419949,28.419949
1966,12,precip,33.515461,33.515461
1967,1,precip,46.76914,46.76914
1967,2,precip,18.590548,18.590548
1967,3,precip,34.687,34.687
1967,4,precip,83.99489,83.99489
1967,5,precip,42.26786,42.26786
1967,6,precip,134.68558,134.68558
1967,7,precip,79.32714,79.32714
1967,8,precip,64.20467,64.20467
1967,9,precip,40.007778,40.007778
1967,10,precip,41.688795,41.688795
1967,11,precip,21.548865,21.548865
1967,12,precip,33.564392,33.564392
1968,1,precip,25.482955,25.482955
1968,2,precip,11.860366,11.860366
1968,3,precip,51.816227,51.816227
1968,4,precip,106.49886,106.49886
1968,5,precip,74.872826,74.872826
1968,6,precip,161.7956,161.7956
1968,7,precip,91.25263,91.25263
1968,8,precip,111.16222,111.16222
1968,9,precip,107.60047,107.60047
1968,10,precip,123.79268,123.79268
1968,11,precip,22.217746,22.217746
1968,12,precip,60.94505,60.94505
1969,1,precip,80.78473,80.78473
1969,2,precip,15.9712596,15.9712596
1969,3,precip,14.2992516,14.2992516
1969,4,precip,52.9986,52.9986
1969,5,precip,99.29124,99.29124
1969,6,precip,75.03332,75.03332
1969,7,precip,115.886086,115.886086
1969,8,precip,93.16406,93.16406
1969,9,precip,114.08915,114.08915
1969,10,precip,70.6934,70.6934
1969,11,precip,35.768415,35.768415
1969,12,precip,48.148254,48.148254
1970,1,precip,20.991226,20.991226
1970,2,precip,16.070604,16.070604
1970,3,precip,32.405773,32.405773
1970,4,precip,73.07979,73.07979
1970,5,precip,78.00872,78.00872
1970,6,precip,72.94511,72.94511
1970,7,precip,75.43932,75.43932
1970,8,precip,30.96588,30.96588
1970,9,precip,64.781708,64.781708
1970,10,precip,163.93793,163.93793
1970,11,precip,68.283405,68.283405
1970,12,precip,44.30198,44.30198
1971,1,precip,29.88909,29.88909
1971,2,precip,51.650997,51.650997
1971,3,precip,42.765583,42.765583
1971,4,precip,35.335962,35.335962
1971,5,precip,82.05954,82.05954
1971,6,precip,138.49342,138.49342
1971,7,precip,87.727646,87.727646
1971,8,precip,81.309105,81.309105
1971,9,precip,93.63111,93.63111
1971,10,precip,173.82654,173.82654
1971,11,precip,59.586105,59.586105
1971,12,precip,27.743153,27.743153
1972,1,precip,35.86883,35.86883
1972,2,precip,25.327456,25.327456
1972,3,precip,37.595953,37.595953
1972,4,precip,52.443325,52.443325
1972,5,precip,67.717037,67.717037
1972,6,precip,83.253105,83.253105
1972,7,precip,167.52167,167.52167
1972,8,precip,139.55202,139.55202
1972,9,precip,107.7101,107.7101
1972,10,precip,44.663647,44.663647
1972,11,precip,31.030703,31.030703
1972,12,precip,37.115429,37.115429
1973,1,precip,21.9073515,21.9073515
1973,2,precip,11.9871364,11.9871364
1973,3,precip,31.43587,31.43587
1973,4,precip,44.28027,44.28027
1973,5,precip,96.062614,96.062614
1973,6,precip,108.57067,108.57067
1973,7,precip,122.50032,122.50032
1973,8,precip,113.4929,113.4929
1973,9,precip,104.19946,104.19946
1973,10,precip,118.342476,118.342476
1973,11,precip,35.019625,35.019625
1973,12,precip,26.775328,26.775328
1974,1,precip,23.497575,23.497575
1974,2,precip,19.896581,19.896581
1974,3,precip,32.667854,32.667854
1974,4,precip,67.56589,67.56589
1974,5,precip,113.56125,113.56125
1974,6,precip,80.86326,80.86326
1974,7,precip,117.94415,117.94415
1974,8,precip,113.710075,113.710075
1974,9,precip,32.125769,32.125769
1974,10,precip,58.15108,58.15108
1974,11,precip,57.853237,57.853237
1974,12,precip,30.097357,30.097357
1975,1,precip,83.79785,83.79785
1975,2,precip,22.38794,22.38794
1975,3,precip,51.27417,51.27417
1975,4,precip,57.10819,57.10819
1975,5,precip,63.061234,63.061234
1975,6,precip,145.07985,145.07985
1975,7,precip,105.98903,105.98903
1975,8,precip,78.87258,78.87258
1975,9,precip,89.020836,89.020836
1975,10,precip,48.849213,48.849213
1975,11,precip,59.06887,59.06887
1975,12,precip,25.00931,25.00931
1976,1,precip,32.63957,32.63957
1976,2,precip,20.005668,20.005668
1976,3,precip,56.183483,56.183483
1976,4,precip,25.630402,25.630402
1976,5,precip,22.00749,22.00749
1976,6,precip,187.2352,187.2352
1976,7,precip,80.381615,80.381615
1976,8,precip,41.754045,41.754045
1976,9,precip,29.45375,29.45375
1976,10,precip,25.621567,25.621567
1976,11,precip,14.4728355,14.4728355
1976,12,precip,24.534158,24.534158
1977,1,precip,24.0108795,24.0108795
1977,2,precip,24.420169,24.420169
1977,3,precip,54.80384,54.80384
1977,4,precip,44.50299,44.50299
1977,5,precip,109.13279,109.13279
1977,6,precip,115.270386,115.270386
1977,7,precip,96.33242,96.33242
1977,8,precip,147.49223,147.49223
1977,9,precip,148.54912,148.54912
1977,10,precip,65.40531,65.40531
1977,11,precip,88.28799,88.28799
1977,12,precip,40.147047,40.147047
1978,1,precip,22.513528,22.513528
1978,2,precip,20.802073,20.802073
1978,3,precip,25.166588,25.166588
1978,4,precip,49.11828,49.11828
1978,5,precip,99.76739,99.76739
1978,6,precip,85.096466,85.096466
1978,7,precip,179.81732,179.81732
1978,8,precip,164.99841,164.99841
1978,9,precip,84.772964,84.772964
1978,10,precip,25.0169115,25.0169115
1978,11,precip,40.555637,40.555637
1978,12,precip,31.301065,31.301065
1979,1,precip,24.527338,24.527338
1979,2,precip,48.951138,48.951138
1979,3,precip,83.58869,83.58869
1979,4,precip,47.165936,47.165936
1979,5,precip,92.370636,92.370636
1979,6,precip,113.35122,113.35122
1979,7,precip,128.5729,128.5729
1979,8,precip,68.14181,68.14181
1979,9,precip,65.468636,65.468636
1979,10,precip,90.11209,90.11209
1979,11,precip,30.879221,30.879221
1979,12,precip,15.9611416,15.9611416
1980,1,precip,40.291874,40.291874
1980,2,precip,22.783494,22.783494
1980,3,precip,32.965216,32.965216
1980,4,precip,25.208543,25.208543
1980,5,precip,28.919178,28.919178
1980,6,precip,102.703354,102.703354
1980,7,precip,77.43104,77.43104
1980,8,precip,149.08678,149.08678
1980,9,precip,105.83994,105.83994
1980,10,precip,43.0033,43.0033
1980,11,precip,32.21806,32.21806
1980,12,precip,25.272578,25.272578
1981,1,precip,16.8591957,16.8591957
1981,2,precip,37.943533,37.943533
1981,3,precip,29.874317,29.874317
1981,4,precip,115.92006,115.92006
1981,5,precip,41.978745,41.978745
1981,6,precip,160.80893,160.80893
1981,7,precip,84.798904,84.798904
1981,8,precip,92.76598,92.76598
1981,9,precip,75.38132,75.38132
1981,10,precip,128.32254,128.32254
1981,11,precip,24.029475,24.029475
1981,12,precip,31.063171,31.063171
1982,1,precip,41.737432,41.737432
1982,2,precip,18.486966,18.486966
1982,3,precip,45.793766,45.793766
1982,4,precip,48.987106,48.987106
1982,5,precip,124.96321,124.96321
1982,6,precip,79.136826,79.136826
1982,7,precip,169.11882,169.11882
1982,8,precip,79.311676,79.311676
1982,9,precip,112.04188,112.04188
1982,10,precip,124.0496,124.0496
1982,11,precip,65.733456,65.733456
1982,12,precip,30.119564,30.119564
1983,1,precip,44.648167,44.648167
1983,2,precip,19.7757635,19.7757635
1983,3,precip,30.111855,30.111855
1983,4,precip,44.45227,44.45227
1983,5,precip,53.45026,53.45026
1983,6,precip,99.98566,99.98566
1983,7,precip,102.470505,102.470505
1983,8,precip,157.10799,157.10799
1983,9,precip,96.412674,96.412674
1983,10,precip,84.71243,84.71243
1983,11,precip,87.14522,87.14522
1983,12,precip,37.158724,37.158724
1984,1,precip,23.808766,23.808766
1984,2,precip,22.31064,22.31064
1984,3,precip,24.188342,24.188342
1984,4,precip,40.65771,40.65771
1984,5,precip,63.74128,63.74128
1984,6,precip,189.36595,189.36595
1984,7,precip,55.381725,55.381725
1984,8,precip,68.414913,68.414913
1984,9,precip,70.658634,70.658634
1984,10,precip,121.45813,121.45813
1984,11,precip,26.756466,26.756466
1984,12,precip,51.94134,51.94134
1985,1,precip,20.587264,20.587264
1985,2,precip,24.615784,24.615784
1985,3,precip,40.842093,40.842093
1985,4,precip,83.46693,83.46693
1985,5,precip,126.43523,126.43523
1985,6,precip,122.55466,122.55466
1985,7,precip,103.643524,103.643524
1985,8,precip,100.74959,100.74959
1985,9,precip,124.82876,124.82876
1985,10,precip,56.51771,56.51771
1985,11,precip,60.978714,60.978714
1985,12,precip,24.98559,24.98559
1986,1,precip,29.078367,29.078367
1986,2,precip,28.234287,28.234287
1986,3,precip,23.7613535,23.7613535
1986,4,precip,123.15424,123.15424
1986,5,precip,64.16575,64.16575
1986,6,precip,136.51089,136.51089
1986,7,precip,123.82406,123.82406
1986,8,precip,103.583,103.583
1986,9,precip,160.69495,160.69495
1986,10,precip,29.416616,29.416616
1986,11,precip,59.353302,59.353302
1986,12,precip,22.094692,22.094692
1987,1,precip,23.720828,23.720828
1987,2,precip,17.9126163,17.9126163
1987,3,precip,31.194664,31.194664
1987,4,precip,20.109551,20.109551
1987,5,precip,135.66183,135.66183
1987,6,precip,50.026833,50.026833
1987,7,precip,207.24002,207.24002
1987,8,precip,78.842224,78.842224
1987,9,precip,86.716736,86.716736
1987,10,precip,29.91145,29.91145
1987,11,precip,28.342596,28.342596
1987,12,precip,22.798752,22.798752
1988,1,precip,32.372076,32.372076
1988,2,precip,13.414369,13.414369
1988,3,precip,57.662243,57.662243
1988,4,precip,20.195506,20.195506
1988,5,precip,63.14631,63.14631
1988,6,precip,81.94455,81.94455
1988,7,precip,86.940636,86.940636
1988,8,precip,232.93852,232.93852
1988,9,precip,99.15548,99.15548
1988,10,precip,34.99361,34.99361
1988,11,precip,64.460644,64.460644
1988,12,precip,34.242882,34.242882
1989,1,precip,46.96199,46.96199
1989,2,precip,19.41846,19.41846
1989,3,precip,43.49312,43.49312
1989,4,precip,43.58229,43.58229
1989,5,precip,78.55908,78.55908
1989,6,precip,134.4731,134.4731
1989,7,precip,66.95405,66.95405
1989,8,precip,110.19997,110.19997
1989,9,precip,98.45652,98.45652
1989,10,precip,53.418343,53.418343
1989,11,precip,23.955503,23.955503
1989,12,precip,21.314067,21.314067
1990,1,precip,29.977468,29.977468
1990,2,precip,23.205975,23.205975
1990,3,precip,47.56733,47.56733
1990,4,precip,99.08835,99.08835
1990,5,precip,38.425247,38.425247
1990,6,precip,143.29865,143.29865
1990,7,precip,74.972725,74.972725
1990,8,precip,57.893852,57.893852
1990,9,precip,103.19182,103.19182
1990,10,precip,105.14443,105.14443
1990,11,precip,22.159784,22.159784
1990,12,precip,28.224766,28.224766
1991,1,precip,22.680047,22.680047
1991,2,precip,27.335354,27.335354
1991,3,precip,45.26337,45.26337
1991,4,precip,66.31174,66.31174
1991,5,precip,104.01878,104.01878
1991,6,precip,100.234604,100.234604
1991,7,precip,141.84457,141.84457
1991,8,precip,55.057457,55.057457
1991,9,precip,134.43176,134.43176
1991,10,precip,58.757812,58.757812
1991,11,precip,84.35263,84.35263
1991,12,precip,30.489714,30.489714
1992,1,precip,22.383603,22.383603
1992,2,precip,28.154448,28.154448
1992,3,precip,20.899376,20.899376
1992,4,precip,48.56294,48.56294
1992,5,precip,65.33193,65.33193
1992,6,precip,103.99989,103.99989
1992,7,precip,112.08906,112.08906
1992,8,precip,138.94052,138.94052
1992,9,precip,86.4435,86.4435
1992,10,precip,25.704668,25.704668
1992,11,precip,40.745447,40.745447
1992,12,precip,36.901152,36.901152
1993,1,precip,31.59457,31.59457
1993,2,precip,11.033199,11.033199
1993,3,precip,21.211862,21.211862
1993,4,precip,67.624336,67.624336
1993,5,precip,96.89031,96.89031
1993,6,precip,118.55245,118.55245
1993,7,precip,207.16846,207.16846
1993,8,precip,107.85525,107.85525
1993,9,precip,65.458664,65.458664
1993,10,precip,32.777233,32.777233
1993,11,precip,52.97449,52.97449
1993,12,precip,34.429972,34.429972
1994,1,precip,31.584698,31.584698
1994,2,precip,20.294008,20.294008
1994,3,precip,28.481455,28.481455
1994,4,precip,92.47939,92.47939
1994,5,precip,67.98665,67.98665
1994,6,precip,203.60292,203.60292
1994,7,precip,105.52473,105.52473
1994,8,precip,83.26897,83.26897
1994,9,precip,98.66425,98.66425
1994,10,precip,71.03602,71.03602
1994,11,precip,43.450104,43.450104
1994,12,precip,18.598179,18.598179
1995,1,precip,30.52082,30.52082
1995,2,precip,27.308296,27.308296
1995,3,precip,31.617798,31.617798
1995,4,precip,43.384014,43.384014
1995,5,precip,71.696606,71.696606
1995,6,precip,43.895496,43.895496
1995,7,precip,184.42659,184.42659
1995,8,precip,136.85326,136.85326
1995,9,precip,97.32502,97.32502
1995,10,precip,114.32072,114.32072
1995,11,precip,36.642477,36.642477
1995,12,precip,39.300102,39.300102
1996,1,precip,45.81189,45.81189
1996,2,precip,38.884914,38.884914
1996,3,precip,23.259582,23.259582
1996,4,precip,41.16414,41.16414
1996,5,precip,55.092316,55.092316
1996,6,precip,125.58307,125.58307
1996,7,precip,156.44325,156.44325
1996,8,precip,74.44181,74.44181
1996,9,precip,99.29573,99.29573
1996,10,precip,105.750885,105.750885
1996,11,precip,91.89824,91.89824
1996,12,precip,40.168482,40.168482
1997,1,precip,56.24989,56.24989
1997,2,precip,16.1953173,16.1953173
1997,3,precip,48.109554,48.109554
1997,4,precip,34.22792,34.22792
1997,5,precip,60.143448,60.143448
1997,6,precip,149.8825,149.8825
1997,7,precip,110.17459,110.17459
1997,8,precip,57.47226,57.47226
1997,9,precip,79.98448,79.98448
1997,10,precip,74.45995,74.45995
1997,11,precip,42.763546,42.763546
1997,12,precip,15.838606,15.838606
1998,1,precip,27.771614,27.771614
1998,2,precip,48.450626,48.450626
1998,3,precip,42.172523,42.172523
1998,4,precip,45.62068,45.62068
1998,5,precip,89.291664,89.291664
1998,6,precip,154.59082,154.59082
1998,7,precip,87.85897,87.85897
1998,8,precip,63.43892,63.43892
1998,9,precip,99.192986,99.192986
1998,10,precip,115.555504,115.555504
1998,11,precip,62.10014,62.10014
1998,12,precip,38.950687,38.950687
1999,1,precip,29.345196,29.345196
1999,2,precip,26.728462,26.728462
1999,3,precip,39.197166,39.197166
1999,4,precip,63.805313,63.805313
1999,5,precip,129.54411,129.54411
1999,6,precip,107.36617,107.36617
1999,7,precip,284.85498,284.85498
1999,8,precip,137.93569,137.93569
1999,9,precip,136.2523,136.2523
1999,10,precip,52.201466,52.201466
1999,11,precip,15.5083933,15.5083933
1999,12,precip,15.9748583,15.9748583
2000,1,precip,24.587961,24.587961
2000,2,precip,33.317822,33.317822
2000,3,precip,52.820835,52.820835
2000,4,precip,49.919292,49.919292
2000,5,precip,88.015076,88.015076
2000,6,precip,123.41416,123.41416
2000,7,precip,87.14943,87.14943
2000,8,precip,136.37539,136.37539
2000,9,precip,56.505024,56.505024
2000,10,precip,83.16789,83.16789
2000,11,precip,78.432304,78.432304
2000,12,precip,26.480497,26.480497
2001,1,precip,29.355774,29.355774
2001,2,precip,54.971558,54.971558
2001,3,precip,23.413127,23.413127
2001,4,precip,155.91931,155.91931
2001,5,precip,129.29597,129.29597
2001,6,precip,91.83303,91.83303
2001,7,precip,82.558655,82.558655
2001,8,precip,103.846664,103.846664
2001,9,precip,46.875652,46.875652
2001,10,precip,86.2259,86.2259
2001,11,precip,56.4614,56.4614
2001,12,precip,26.668896,26.668896
2002,1,precip,16.6261725,16.6261725
2002,2,precip,19.458739,19.458739
2002,3,precip,42.493046,42.493046
2002,4,precip,46.59234,46.59234
2002,5,precip,55.483536,55.483536
2002,6,precip,147.14647,147.14647
2002,7,precip,147.93445,147.93445
2002,8,precip,123.95839,123.95839
2002,9,precip,79.63238,79.63238
2002,10,precip,66.955456,66.955456
2002,11,precip,16.867692,16.867692
2002,12,precip,24.856843,24.856843
2003,1,precip,13.85201,13.85201
2003,2,precip,14.234674,14.234674
2003,3,precip,23.980878,23.980878
2003,4,precip,50.22671,50.22671
2003,5,precip,81.80147,81.80147
2003,6,precip,107.20418,107.20418
2003,7,precip,126.693726,126.693726
2003,8,precip,67.85422,67.85422
2003,9,precip,110.31507,110.31507
2003,10,precip,49.740013,49.740013
2003,11,precip,44.940315,44.940315
2003,12,precip,23.131773,23.131773
2004,1,precip,34.85463,34.85463
2004,2,precip,30.08865,30.08865
2004,3,precip,48.4815,48.4815
2004,4,precip,40.372622,40.372622
2004,5,precip,116.848274,116.848274
2004,6,precip,49.78891,49.78891
2004,7,precip,109.10256,109.10256
2004,8,precip,71.099747,71.099747
2004,9,precip,152.16435,152.16435
2004,10,precip,81.432106,81.432106
2004,11,precip,21.2097435,21.2097435
2004,12,precip,50.13036,50.13036
2005,1,precip,63.597626,63.597626
2005,2,precip,23.342866,23.342866
2005,3,precip,27.25672,27.25672
2005,4,precip,36.800713,36.800713
2005,5,precip,121.73829,121.73829
2005,6,precip,137.50338,137.50338
2005,7,precip,60.004234,60.004234
2005,8,precip,58.668243,58.668243
2005,9,precip,83.09715,83.09715
2005,10,precip,94.78139,94.78139
2005,11,precip,92.846245,92.846245
2005,12,precip,37.669819,37.669819
2006,1,precip,19.501385,19.501385
2006,2,precip,32.986591,32.986591
2006,3,precip,49.143986,49.143986
2006,4,precip,46.65069,46.65069
2006,5,precip,99.8359,99.8359
2006,6,precip,69.72112,69.72112
2006,7,precip,73.90352,73.90352
2006,8,precip,62.87423,62.87423
2006,9,precip,63.497528,63.497528
2006,10,precip,55.18382,55.18382
2006,11,precip,37.433245,37.433245
2006,12,precip,43.43318,43.43318
2007,1,precip,21.674353,21.674353
2007,2,precip,27.391058,27.391058
2007,3,precip,58.307476,58.307476
2007,4,precip,79.510025,79.510025
2007,5,precip,83.1419,83.1419
2007,6,precip,94.58084,94.58084
2007,7,precip,76.67556,76.67556
2007,8,precip,59.06706,59.06706
2007,9,precip,173.85004,173.85004
2007,10,precip,136.01053,136.01053
2007,11,precip,23.333961,23.333961
2007,12,precip,55.095245,55.095245
2008,1,precip,15.0836806,15.0836806
2008,2,precip,18.276772,18.276772
2008,3,precip,20.917544,20.917544
2008,4,precip,125.71766,125.71766
2008,5,precip,69.356216,69.356216
2008,6,precip,131.81064,131.81064
2008,7,precip,92.20124,92.20124
2008,8,precip,48.11508,48.11508
2008,9,precip,116.30993,116.30993
2008,10,precip,87.448524,87.448524
2008,11,precip,44.7883,44.7883
2008,12,precip,54.414215,54.414215
2009,1,precip,26.127657,26.127657
2009,2,precip,33.270851,33.270851
2009,3,precip,87.39932,87.39932
2009,4,precip,51.48242,51.48242
2009,5,precip,58.47812,58.47812
2009,6,precip,77.03116,77.03116
2009,7,precip,93.98008,93.98008
2009,8,precip,111.92127,111.92127
2009,9,precip,28.789972,28.789972
2009,10,precip,105.97264,105.97264
2009,11,precip,41.932732,41.932732
2009,12,precip,41.927858,41.927858
2010,1,precip,31.79013,31.79013
2010,2,precip,16.1678534,16.1678534
2010,3,precip,27.622725,27.622725
2010,4,precip,30.571865,30.571865
2010,5,precip,75.59721,75.59721
2010,6,precip,122.89054,122.89054
2010,7,precip,119.287254,119.287254
2010,8,precip,156.3553,156.3553
2010,9,precip,119.80942,119.80942
2010,10,precip,87.260345,87.260345
2010,11,precip,52.038223,52.038223
2010,12,precip,53.005257,53.005257
2011,1,precip,41.24,41.24
2011,2,precip,17.025332,17.025332
2011,3,precip,18.977503,18.977503
2011,4,precip,72.615265,72.615265
2011,5,precip,80.866516,80.866516
2011,6,precip,121.55693,121.55693
2011,7,precip,86.08235,86.08235
2011,8,precip,124.49226,124.49226
2011,9,precip,47.130016,47.130016
2011,10,precip,44.445915,44.445915
2011,11,precip,25.678179,25.678179
2011,12,precip,17.191715,17.191715
2012,1,precip,24.659124,24.659124
2012,2,precip,30.893751,30.893751
2012,3,precip,50.620533,50.620533
2012,4,precip,95.96113,95.96113
2012,5,precip,180.21352,180.21352
2012,6,precip,196.21121,196.21121
2012,7,precip,120.1068,120.1068
2012,8,precip,51.97777,51.97777
2012,9,precip,26.560337,26.560337
2012,10,precip,55.340523,55.340523
2012,11,precip,43.367836,43.367836
2012,12,precip,32.95065,32.95065
1962,1,maxtemp,-0.414532,-0.414532
1962,2,maxtemp,2.6113944,2.6113944
1962,3,maxtemp,12.0737936,12.0737936
1962,4,maxtemp,19.323001,19.323001
1962,5,maxtemp,28.560194,28.560194
1962,6,maxtemp,32.835794,32.835794
1962,7,maxtemp,33.533094,33.533094
1962,8,maxtemp,34.773783,34.773783
1962,9,maxtemp,28.0748,28.0748
1962,10,maxtemp,24.23668,24.23668
1962,11,maxtemp,14.6174827,14.6174827
1962,12,maxtemp,5.650567,5.650567
1963,1,maxtemp,-3.150124,-3.150124
1963,2,maxtemp,2.642801,2.642801
1963,3,maxtemp,14.6192737,14.6192737
1963,4,maxtemp,22.88035,22.88035
1963,5,maxtemp,27.160755,27.160755
1963,6,maxtemp,34.643902,34.643902
1963,7,maxtemp,36.763172,36.763172
1963,8,maxtemp,34.480762,34.480762
1963,9,maxtemp,30.548143,30.548143
1963,10,maxtemp,29.586306,29.586306
1963,11,maxtemp,15.6721582,15.6721582
1963,12,maxtemp,1.203299,1.203299
1964,1,maxtemp,6.5695877,6.5695877
1964,2,maxtemp,8.1029872,8.1029872
1964,3,maxtemp,10.06858313,10.06858313
1964,4,maxtemp,21.676802,21.676802
1964,5,maxtemp,30.710135,30.710135
1964,6,maxtemp,32.60195,32.60195
1964,7,maxtemp,37.688553,37.688553
1964,8,maxtemp,31.795773,31.795773
1964,9,maxtemp,27.541327,27.541327
1964,10,maxtemp,22.512667,22.512667
1964,11,maxtemp,13.2999942,13.2999942
1964,12,maxtemp,1.665489,1.665489
1965,1,maxtemp,0.823306,0.823306
1965,2,maxtemp,2.2256436,2.2256436
1965,3,maxtemp,7.4582303,7.4582303
1965,4,maxtemp,19.133994,19.133994
1965,5,maxtemp,28.471207,28.471207
1965,6,maxtemp,32.02055,32.02055
1965,7,maxtemp,33.983562,33.983562
1965,8,maxtemp,33.621344,33.621344
1965,9,maxtemp,23.432457,23.432457
1965,10,maxtemp,22.91164,22.91164
1965,11,maxtemp,11.9457152,11.9457152
1965,12,maxtemp,7.6177619,7.6177619
1966,1,maxtemp,-3.246889,-3.246889
1966,2,maxtemp,4.651898,4.651898
1966,3,maxtemp,13.8081596,13.8081596
1966,4,maxtemp,16.8997293,16.8997293
1966,5,maxtemp,25.94403,25.94403
1966,6,maxtemp,33.974916,33.974916
1966,7,maxtemp,37.649347,37.649347
1966,8,maxtemp,33.154474,33.154474
1966,9,maxtemp,29.512125,29.512125
1966,10,maxtemp,22.189493,22.189493
1966,11,maxtemp,10.530483,10.530483
1966,12,maxtemp,4.1056604,4.1056604
1967,1,maxtemp,3.079768,3.079768
1967,2,maxtemp,1.898012,1.898012
1967,3,maxtemp,12.4587092,12.4587092
1967,4,maxtemp,19.481659,19.481659
1967,5,maxtemp,25.246351,25.246351
1967,6,maxtemp,32.179039,32.179039
1967,7,maxtemp,34.93726,34.93726
1967,8,maxtemp,33.766949,33.766949
1967,9,maxtemp,30.920551,30.920551
1967,10,maxtemp,20.982185,20.982185
1967,11,maxtemp,10.7737181,10.7737181
1967,12,maxtemp,5.5131097,5.5131097
1968,1,maxtemp,2.709132,2.709132
1968,2,maxtemp,4.4323764,4.4323764
1968,3,maxtemp,16.7367425,16.7367425
1968,4,maxtemp,21.53467,21.53467
1968,5,maxtemp,25.869297,25.869297
1968,6,maxtemp,31.977367,31.977367
1968,7,maxtemp,34.455276,34.455276
1968,8,maxtemp,33.41541,33.41541
1968,9,maxtemp,29.116287,29.116287
1968,10,maxtemp,23.059694,23.059694
1968,11,maxtemp,12.0110261,12.0110261
1968,12,maxtemp,2.756159,2.756159
1969,1,maxtemp,0.355431,0.355431
1969,2,maxtemp,6.218435,6.218435
1969,3,maxtemp,11.0314816,11.0314816
1969,4,maxtemp,22.316601,22.316601
1969,5,maxtemp,28.38001,28.38001
1969,6,maxtemp,28.946663,28.946663
1969,7,maxtemp,35.07992,35.07992
1969,8,maxtemp,37.112886,37.112886
1969,9,maxtemp,29.091976,29.091976
1969,10,maxtemp,18.731771,18.731771
1969,11,maxtemp,12.5152276,12.5152276
1969,12,maxtemp,5.8457794,5.8457794
1970,1,maxtemp,-0.757491,-0.757491
1970,2,maxtemp,4.953253,4.953253
1970,3,maxtemp,10.56710064,10.56710064
1970,4,maxtemp,19.07714,19.07714
1970,5,maxtemp,25.370262,25.370262
1970,6,maxtemp,34.509348,34.509348
1970,7,maxtemp,37.859219,37.859219
1970,8,maxtemp,36.135517,36.135517
1970,9,maxtemp,29.265074,29.265074
1970,10,maxtemp,21.977887,21.977887
1970,11,maxtemp,10.9096633,10.9096633
1970,12,maxtemp,3.2115526,3.2115526
1971,1,maxtemp,-2.615344,-2.615344
1971,2,maxtemp,5.6215053,5.6215053
1971,3,maxtemp,10.6163297,10.6163297
1971,4,maxtemp,21.125041,21.125041
1971,5,maxtemp,27.552696,27.552696
1971,6,maxtemp,35.005129,35.005129
1971,7,maxtemp,33.543068,33.543068
1971,8,maxtemp,34.378084,34.378084
1971,9,maxtemp,29.948624,29.948624
1971,10,maxtemp,23.650161,23.650161
1971,11,maxtemp,11.2206911,11.2206911
1971,12,maxtemp,4.3474507,4.3474507
1972,1,maxtemp,-1.703062,-1.703062
1972,2,maxtemp,1.965524,1.965524
1972,3,maxtemp,9.5065267,9.5065267
1972,4,maxtemp,18.068621,18.068621
1972,5,maxtemp,31.244202,31.244202
1972,6,maxtemp,34.071604,34.071604
1972,7,maxtemp,33.585234,33.585234
1972,8,maxtemp,34.264639,34.264639
1972,9,maxtemp,27.228678,27.228678
1972,10,maxtemp,19.711868,19.711868
1972,11,maxtemp,9.91629049,9.91629049
1972,12,maxtemp,0.407128,0.407128
1973,1,maxtemp,4.9680285,4.9680285
1973,2,maxtemp,6.4884806,6.4884806
1973,3,maxtemp,16.6487093,16.6487093
1973,4,maxtemp,20.774344,20.774344
1973,5,maxtemp,27.285109,27.285109
1973,6,maxtemp,33.37158,33.37158
1973,7,maxtemp,35.235092,35.235092
1973,8,maxtemp,35.437658,35.437658
1973,9,maxtemp,28.2595,28.2595
1973,10,maxtemp,24.560114,24.560114
1973,11,maxtemp,11.4097053,11.4097053
1973,12,maxtemp,3.4272375,3.4272375
1974,1,maxtemp,0.918952,0.918952
1974,2,maxtemp,5.815659,5.815659
1974,3,maxtemp,9.82525234,9.82525234
1974,4,maxtemp,21.042563,21.042563
1974,5,maxtemp,24.897325,24.897325
1974,6,maxtemp,33.439882,33.439882
1974,7,maxtemp,37.672655,37.672655
1974,8,maxtemp,32.544128,32.544128
1974,9,maxtemp,26.322874,26.322874
1974,10,maxtemp,22.766812,22.766812
1974,11,maxtemp,12.4666805,12.4666805
1974,12,maxtemp,7.850148,7.850148
1975,1,maxtemp,3.0071955,3.0071955
1975,2,maxtemp,5.139389,5.139389
1975,3,maxtemp,9.1712678,9.1712678
1975,4,maxtemp,16.4444413,16.4444413
1975,5,maxtemp,30.906466,30.906466
1975,6,maxtemp,32.366543,32.366543
1975,7,maxtemp,37.77637,37.77637
1975,8,maxtemp,34.067713,34.067713
1975,9,maxtemp,27.034214,27.034214
1975,10,maxtemp,24.186958,24.186958
1975,11,maxtemp,14.766881,14.766881
1975,12,maxtemp,3.714752,3.714752
1976,1,maxtemp,1.043613,1.043613
1976,2,maxtemp,10.18113233,10.18113233
1976,3,maxtemp,11.1267473,11.1267473
1976,4,maxtemp,24.960748,24.960748
1976,5,maxtemp,29.924974,29.924974
1976,6,maxtemp,35.661345,35.661345
1976,7,maxtemp,37.257336,37.257336
1976,8,maxtemp,37.023819,37.023819
1976,9,maxtemp,31.409285,31.409285
1976,10,maxtemp,19.488913,19.488913
1976,11,maxtemp,9.3053215,9.3053215
1976,12,maxtemp,0.2551,0.2551
1977,1,maxtemp,-3.217244,-3.217244
1977,2,maxtemp,7.1175244,7.1175244
1977,3,maxtemp,15.8366117,15.8366117
1977,4,maxtemp,25.413947,25.413947
1977,5,maxtemp,34.433443,34.433443
1977,6,maxtemp,33.815802,33.815802
1977,7,maxtemp,36.732222,36.732222
1977,8,maxtemp,31.514616,31.514616
1977,9,maxtemp,27.366087,27.366087
1977,10,maxtemp,22.838324,22.838324
1977,11,maxtemp,11.7120135,11.7120135
1977,12,maxtemp,1.813793,1.813793
1978,1,maxtemp,-0.601178,-0.601178
1978,2,maxtemp,3.5987515,3.5987515
1978,3,maxtemp,12.8767884,12.8767884
1978,4,maxtemp,20.657322,20.657322
1978,5,maxtemp,31.20918,31.20918
1978,6,maxtemp,33.518942,33.518942
1978,7,maxtemp,34.499794,34.499794
1978,8,maxtemp,34.415733,34.415733
1978,9,maxtemp,30.537663,30.537663
1978,10,maxtemp,23.067854,23.067854
1978,11,maxtemp,11.4662329,11.4662329
1978,12,maxtemp,2.2675314,2.2675314
1979,1,maxtemp,-3.028033,-3.028033
1979,2,maxtemp,1.109949,1.109949
1979,3,maxtemp,10.61185366,10.61185366
1979,4,maxtemp,17.770072,17.770072
1979,5,maxtemp,24.929901,24.929901
1979,6,maxtemp,32.821018,32.821018
1979,7,maxtemp,35.973763,35.973763
1979,8,maxtemp,32.719007,32.719007
1979,9,maxtemp,29.694042,29.694042
1979,10,maxtemp,20.117826,20.117826
1979,11,maxtemp,11.0209951,11.0209951
1979,12,maxtemp,8.2680771,8.2680771
1980,1,maxtemp,2.113158,2.113158
1980,2,maxtemp,4.118972,4.118972
1980,3,maxtemp,10.73697835,10.73697835
1980,4,maxtemp,24.025232,24.025232
1980,5,maxtemp,32.697775,32.697775
1980,6,maxtemp,33.626497,33.626497
1980,7,maxtemp,37.240326,37.240326
1980,8,maxtemp,33.932526,33.932526
1980,9,maxtemp,27.553745,27.553745
1980,10,maxtemp,19.005622,19.005622
1980,11,maxtemp,13.057214,13.057214
1980,12,maxtemp,3.182702,3.182702
1981,1,maxtemp,4.836402,4.836402
1981,2,maxtemp,7.385668,7.385668
1981,3,maxtemp,15.5745764,15.5745764
1981,4,maxtemp,21.53072,21.53072
1981,5,maxtemp,28.86882,28.86882
1981,6,maxtemp,32.068316,32.068316
1981,7,maxtemp,35.59253,35.59253
1981,8,maxtemp,34.659662,34.659662
1981,9,maxtemp,28.371557,28.371557
1981,10,maxtemp,20.044808,20.044808
1981,11,maxtemp,16.1763215,16.1763215
1981,12,maxtemp,4.04439,4.04439
1982,1,maxtemp,-3.740471,-3.740471
1982,2,maxtemp,3.9804707,3.9804707
1982,3,maxtemp,10.16878733,10.16878733
1982,4,maxtemp,19.326954,19.326954
1982,5,maxtemp,29.819078,29.819078
1982,6,maxtemp,30.401072,30.401072
1982,7,maxtemp,35.729761,35.729761
1982,8,maxtemp,33.332203,33.332203
1982,9,maxtemp,28.501907,28.501907
1982,10,maxtemp,22.123253,22.123253
1982,11,maxtemp,10.4123295,10.4123295
1982,12,maxtemp,7.0327728,7.0327728
1983,1,maxtemp,4.253506,4.253506
1983,2,maxtemp,7.719125,7.719125
1983,3,maxtemp,12.2943792,12.2943792
1983,4,maxtemp,19.406476,19.406476
1983,5,maxtemp,26.654627,26.654627
1983,6,maxtemp,33.027094,33.027094
1983,7,maxtemp,37.739996,37.739996
1983,8,maxtemp,37.777748,37.777748
1983,9,maxtemp,29.233715,29.233715
1983,10,maxtemp,21.259653,21.259653
1983,11,maxtemp,11.1577641,11.1577641
1983,12,maxtemp,-2.703368,-2.703368
1984,1,maxtemp,1.848913,1.848913
1984,2,maxtemp,10.39083976,10.39083976
1984,3,maxtemp,9.977690414,9.977690414
1984,4,maxtemp,23.355147,23.355147
1984,5,maxtemp,27.583029,27.583029
1984,6,maxtemp,33.466228,33.466228
1984,7,maxtemp,36.014793,36.014793
1984,8,maxtemp,36.991455,36.991455
1984,9,maxtemp,26.768284,26.768284
1984,10,maxtemp,22.833657,22.833657
1984,11,maxtemp,12.405854,12.405854
1984,12,maxtemp,3.7847714,3.7847714
1985,1,maxtemp,1.284143,1.284143
1985,2,maxtemp,4.25746,4.25746
1985,3,maxtemp,15.1513696,15.1513696
1985,4,maxtemp,23.223176,23.223176
1985,5,maxtemp,31.238493,31.238493
1985,6,maxtemp,30.893248,30.893248
1985,7,maxtemp,35.672672,35.672672
1985,8,maxtemp,31.875456,31.875456
1985,9,maxtemp,27.273176,27.273176
1985,10,maxtemp,22.183308,22.183308
1985,11,maxtemp,7.382772,7.382772
1985,12,maxtemp,-1.431992,-1.431992
1986,1,maxtemp,4.396585,4.396585
1986,2,maxtemp,4.467001,4.467001
1986,3,maxtemp,14.950556,14.950556
1986,4,maxtemp,23.183753,23.183753
1986,5,maxtemp,30.366074,30.366074
1986,6,maxtemp,33.63629,33.63629
1986,7,maxtemp,35.56796,35.56796
1986,8,maxtemp,32.55723,32.55723
1986,9,maxtemp,27.013903,27.013903
1986,10,maxtemp,22.090966,22.090966
1986,11,maxtemp,10.19218175,10.19218175
1986,12,maxtemp,7.41849,7.41849
1987,1,maxtemp,5.5511913,5.5511913
1987,2,maxtemp,11.5920585,11.5920585
1987,3,maxtemp,15.9712725,15.9712725
1987,4,maxtemp,28.353706,28.353706
1987,5,maxtemp,30.375746,30.375746
1987,6,maxtemp,36.44411,36.44411
1987,7,maxtemp,36.874863,36.874863
1987,8,maxtemp,34.074263,34.074263
1987,9,maxtemp,30.190071,30.190071
1987,10,maxtemp,19.527395,19.527395
1987,11,maxtemp,15.014614,15.014614
1987,12,maxtemp,7.2408497,7.2408497
1988,1,maxtemp,0.661568,0.661568
1988,2,maxtemp,3.106627,3.106627
1988,3,maxtemp,11.6474667,11.6474667
1988,4,maxtemp,23.127904,23.127904
1988,5,maxtemp,33.490395,33.490395
1988,6,maxtemp,37.65865,37.65865
1988,7,maxtemp,39.535093,39.535093
1988,8,maxtemp,34.841,34.841
1988,9,maxtemp,29.022596,29.022596
1988,10,maxtemp,19.768475,19.768475
1988,11,maxtemp,11.5899451,11.5899451
1988,12,maxtemp,5.0193486,5.0193486
1989,1,maxtemp,6.1203876,6.1203876
1989,2,maxtemp,1.863362,1.863362
1989,3,maxtemp,9.3910414,9.3910414
1989,4,maxtemp,19.695022,19.695022
1989,5,maxtemp,29.763699,29.763699
1989,6,maxtemp,32.954887,32.954887
1989,7,maxtemp,37.43146,37.43146
1989,8,maxtemp,34.739859,34.739859
1989,9,maxtemp,29.853697,29.853697
1989,10,maxtemp,24.270746,24.270746
1989,11,maxtemp,9.3852575,9.3852575
1989,12,maxtemp,-0.521007,-0.521007
1990,1,maxtemp,7.9399946,7.9399946
1990,2,maxtemp,7.7051084,7.7051084
1990,3,maxtemp,14.130778,14.130778
1990,4,maxtemp,21.488022,21.488022
1990,5,maxtemp,27.357529,27.357529
1990,6,maxtemp,33.798677,33.798677
1990,7,maxtemp,35.490427,35.490427
1990,8,maxtemp,35.785124,35.785124
1990,9,maxtemp,30.234707,30.234707
1990,10,maxtemp,21.525621,21.525621
1990,11,maxtemp,14.6789565,14.6789565
1990,12,maxtemp,4.019342,4.019342
1991,1,maxtemp,0.7947235,0.7947235
1991,2,maxtemp,9.251682,9.251682
1991,3,maxtemp,13.532758,13.532758
1991,4,maxtemp,23.780394,23.780394
1991,5,maxtemp,30.370588,30.370588
1991,6,maxtemp,34.712416,34.712416
1991,7,maxtemp,34.651873,34.651873
1991,8,maxtemp,36.866795,36.866795
1991,9,maxtemp,27.466146,27.466146
1991,10,maxtemp,19.813533,19.813533
1991,11,maxtemp,8.2264879,8.2264879
1991,12,maxtemp,5.6738915,5.6738915
1992,1,maxtemp,5.5075035,5.5075035
1992,2,maxtemp,8.1835437,8.1835437
1992,3,maxtemp,13.1197584,13.1197584
1992,4,maxtemp,18.127185,18.127185
1992,5,maxtemp,30.869888,30.869888
1992,6,maxtemp,31.637157,31.637157
1992,7,maxtemp,31.550825,31.550825
1992,8,maxtemp,32.131472,32.131472
1992,9,maxtemp,28.601938,28.601938
1992,10,maxtemp,21.529066,21.529066
1992,11,maxtemp,9.66583657,9.66583657
1992,12,maxtemp,4.3224936,4.3224936
1993,1,maxtemp,3.185457,3.185457
1993,2,maxtemp,5.770879,5.770879
1993,3,maxtemp,13.641536,13.641536
1993,4,maxtemp,19.88883,19.88883
1993,5,maxtemp,27.095636,27.095636
1993,6,maxtemp,30.850027,30.850027
1993,7,maxtemp,33.095894,33.095894
1993,8,maxtemp,34.33997,34.33997
1993,9,maxtemp,25.17678,25.17678
1993,10,maxtemp,20.523379,20.523379
1993,11,maxtemp,9.74303496,9.74303496
1993,12,maxtemp,4.664903,4.664903
1994,1,maxtemp,-3.989453,-3.989453
1994,2,maxtemp,2.0872374,2.0872374
1994,3,maxtemp,13.9436154,13.9436154
1994,4,maxtemp,21.069121,21.069121
1994,5,maxtemp,29.674473,29.674473
1994,6,maxtemp,34.011969,34.011969
1994,7,maxtemp,34.118938,34.118938
1994,8,maxtemp,33.274263,33.274263
1994,9,maxtemp,30.700783,30.700783
1994,10,maxtemp,23.334848,23.334848
1994,11,maxtemp,14.938778,14.938778
1994,12,maxtemp,8.4982952,8.4982952
1995,1,maxtemp,3.7226243,3.7226243
1995,2,maxtemp,4.4865613,4.4865613
1995,3,maxtemp,13.3281887,13.3281887
1995,4,maxtemp,17.237365,17.237365
1995,5,maxtemp,28.206673,28.206673
1995,6,maxtemp,36.804502,36.804502
1995,7,maxtemp,35.210663,35.210663
1995,8,maxtemp,35.561293,35.561293
1995,9,maxtemp,28.99594,28.99594
1995,10,maxtemp,20.699721,20.699721
1995,11,maxtemp,7.0082011,7.0082011
1995,12,maxtemp,2.6264324,2.6264324
1996,1,maxtemp,-1.1348,-1.1348
1996,2,maxtemp,3.9917154,3.9917154
1996,3,maxtemp,8.1894131,8.1894131
1996,4,maxtemp,17.2723074,17.2723074
1996,5,maxtemp,26.707567,26.707567
1996,6,maxtemp,33.717054,33.717054
1996,7,maxtemp,33.641346,33.641346
1996,8,maxtemp,35.825653,35.825653
1996,9,maxtemp,29.164476,29.164476
1996,10,maxtemp,21.994382,21.994382
1996,11,maxtemp,7.7372973,7.7372973
1996,12,maxtemp,1.610551,1.610551
1997,1,maxtemp,0.00676,0.00676
1997,2,maxtemp,6.6436625,6.6436625
1997,3,maxtemp,11.2109201,11.2109201
1997,4,maxtemp,19.842998,19.842998
1997,5,maxtemp,24.846813,24.846813
1997,6,maxtemp,35.102272,35.102272
1997,7,maxtemp,34.625113,34.625113
1997,8,maxtemp,32.703129,32.703129
1997,9,maxtemp,30.583752,30.583752
1997,10,maxtemp,21.931989,21.931989
1997,11,maxtemp,9.79827015,9.79827015
1997,12,maxtemp,8.7250084,8.7250084
1998,1,maxtemp,4.1138935,4.1138935
1998,2,maxtemp,12.2196476,12.2196476
1998,3,maxtemp,11.9214146,11.9214146
1998,4,maxtemp,23.897307,23.897307
1998,5,maxtemp,32.206764,32.206764
1998,6,maxtemp,30.534143,30.534143
1998,7,maxtemp,35.168993,35.168993
1998,8,maxtemp,35.636087,35.636087
1998,9,maxtemp,31.949974,31.949974
1998,10,maxtemp,22.75993,22.75993
1998,11,maxtemp,12.6714206,12.6714206
1998,12,maxtemp,6.4083793,6.4083793
1999,1,maxtemp,0.828645,0.828645
1999,2,maxtemp,9.5273701,9.5273701
1999,3,maxtemp,13.8593974,13.8593974
1999,4,maxtemp,22.004811,22.004811
1999,5,maxtemp,28.863297,28.863297
1999,6,maxtemp,32.453606,32.453606
1999,7,maxtemp,36.32635,36.32635
1999,8,maxtemp,33.093307,33.093307
1999,9,maxtemp,27.901114,27.901114
1999,10,maxtemp,20.636469,20.636469
1999,11,maxtemp,16.6897807,16.6897807
1999,12,maxtemp,7.538824,7.538824
2000,1,maxtemp,2.7072306,2.7072306
2000,2,maxtemp,9.27853924,9.27853924
2000,3,maxtemp,16.8379464,16.8379464
2000,4,maxtemp,20.145408,20.145408
2000,5,maxtemp,28.964678,28.964678
2000,6,maxtemp,30.198168,30.198168
2000,7,maxtemp,34.715805,34.715805
2000,8,maxtemp,34.194113,34.194113
2000,9,maxtemp,28.202135,28.202135
2000,10,maxtemp,23.609364,23.609364
2000,11,maxtemp,10.9913359,10.9913359
2000,12,maxtemp,-2.080203,-2.080203
2001,1,maxtemp,5.7608066,5.7608066
2001,2,maxtemp,1.575327,1.575327
2001,3,maxtemp,11.4383409,11.4383409
2001,4,maxtemp,19.917332,19.917332
2001,5,maxtemp,28.487177,28.487177
2001,6,maxtemp,33.164713,33.164713
2001,7,maxtemp,35.6014,35.6014
2001,8,maxtemp,36.419075,36.419075
2001,9,maxtemp,28.980755,28.980755
2001,10,maxtemp,21.375046,21.375046
2001,11,maxtemp,18.027821,18.027821
2001,12,maxtemp,7.8831556,7.8831556
2002,1,maxtemp,5.6809945,5.6809945
2002,2,maxtemp,9.24570656,9.24570656
2002,3,maxtemp,7.312169,7.312169
2002,4,maxtemp,18.479931,18.479931
2002,5,maxtemp,25.226516,25.226516
2002,6,maxtemp,34.103989,34.103989
2002,7,maxtemp,37.30468,37.30468
2002,8,maxtemp,33.768179,33.768179
2002,9,maxtemp,30.535343,30.535343
2002,10,maxtemp,15.8275714,15.8275714
2002,11,maxtemp,10.4072055,10.4072055
2002,12,maxtemp,7.145513,7.145513
2003,1,maxtemp,1.286107,1.286107
2003,2,maxtemp,2.663197,2.663197
2003,3,maxtemp,11.20135,11.20135
2003,4,maxtemp,20.739524,20.739524
2003,5,maxtemp,28.66088,28.66088
2003,6,maxtemp,32.848871,32.848871
2003,7,maxtemp,35.68471,35.68471
2003,8,maxtemp,36.804174,36.804174
2003,9,maxtemp,29.580338,29.580338
2003,10,maxtemp,22.548765,22.548765
2003,11,maxtemp,10.26058677,10.26058677
2003,12,maxtemp,7.5331392,7.5331392
2004,1,maxtemp,-1.570393,-1.570393
2004,2,maxtemp,7.1001756,7.1001756
2004,3,maxtemp,12.795106,12.795106
2004,4,maxtemp,20.929764,20.929764
2004,5,maxtemp,24.629407,24.629407
2004,6,maxtemp,30.913454,30.913454
2004,7,maxtemp,34.414705,34.414705
2004,8,maxtemp,30.977703,30.977703
2004,9,maxtemp,31.228619,31.228619
2004,10,maxtemp,22.102773,22.102773
2004,11,maxtemp,14.743468,14.743468
2004,12,maxtemp,4.199671,4.199671
2005,1,maxtemp,0.381611,0.381611
2005,2,maxtemp,7.819741,7.819741
2005,3,maxtemp,11.6147307,11.6147307
2005,4,maxtemp,23.8604,23.8604
2005,5,maxtemp,25.349163,25.349163
2005,6,maxtemp,33.770164,33.770164
2005,7,maxtemp,36.852198,36.852198
2005,8,maxtemp,34.538767,34.538767
2005,9,maxtemp,31.292942,31.292942
2005,10,maxtemp,22.960487,22.960487
2005,11,maxtemp,13.381858,13.381858
2005,12,maxtemp,4.552414,4.552414
2006,1,maxtemp,8.5634121,8.5634121
2006,2,maxtemp,4.2245784,4.2245784
2006,3,maxtemp,13.1230118,13.1230118
2006,4,maxtemp,25.395821,25.395821
2006,5,maxtemp,28.471212,28.471212
2006,6,maxtemp,34.18041,34.18041
2006,7,maxtemp,39.173576,39.173576
2006,8,maxtemp,35.494204,35.494204
2006,9,maxtemp,29.154581,29.154581
2006,10,maxtemp,19.672069,19.672069
2006,11,maxtemp,13.5888653,13.5888653
2006,12,maxtemp,8.7366546,8.7366546
2007,1,maxtemp,4.029408,4.029408
2007,2,maxtemp,1.14037,1.14037
2007,3,maxtemp,14.7215366,14.7215366
2007,4,maxtemp,20.815808,20.815808
2007,5,maxtemp,30.19594,30.19594
2007,6,maxtemp,35.119211,35.119211
2007,7,maxtemp,36.63741,36.63741
2007,8,maxtemp,34.71428,34.71428
2007,9,maxtemp,29.867281,29.867281
2007,10,maxtemp,23.347836,23.347836
2007,11,maxtemp,11.8698292,11.8698292
2007,12,maxtemp,3.0170565,3.0170565
2008,1,maxtemp,2.185998,2.185998
2008,2,maxtemp,3.3215384,3.3215384
2008,3,maxtemp,10.43511066,10.43511066
2008,4,maxtemp,18.94012,18.94012
2008,5,maxtemp,25.735609,25.735609
2008,6,maxtemp,31.83885,31.83885
2008,7,maxtemp,34.917253,34.917253
2008,8,maxtemp,35.178057,35.178057
2008,9,maxtemp,29.0153,29.0153
2008,10,maxtemp,21.606274,21.606274
2008,11,maxtemp,11.7279928,11.7279928
2008,12,maxtemp,0.372256,0.372256
2009,1,maxtemp,-0.80546,-0.80546
2009,2,maxtemp,5.630668,5.630668
2009,3,maxtemp,11.5755445,11.5755445
2009,4,maxtemp,20.5774,20.5774
2009,5,maxtemp,27.518784,27.518784
2009,6,maxtemp,31.809927,31.809927
2009,7,maxtemp,32.259031,32.259031
2009,8,maxtemp,32.592703,32.592703
2009,9,maxtemp,32.563885,32.563885
2009,10,maxtemp,16.798956,16.798956
2009,11,maxtemp,16.542964,16.542964
2009,12,maxtemp,1.630969,1.630969
2010,1,maxtemp,2.2826715,2.2826715
2010,2,maxtemp,7.2981665,7.2981665
2010,3,maxtemp,19.176321,19.176321
2010,4,maxtemp,25.997676,25.997676
2010,5,maxtemp,29.404701,29.404701
2010,6,maxtemp,31.522596,31.522596
2010,7,maxtemp,36.147219,36.147219
2010,8,maxtemp,35.65874,35.65874
2010,9,maxtemp,26.089552,26.089552
2010,10,maxtemp,24.180481,24.180481
2010,11,maxtemp,13.179806,13.179806
2010,12,maxtemp,2.4695716,2.4695716
2011,1,maxtemp,-0.843868,-0.843868
2011,2,maxtemp,4.9068046,4.9068046
2011,3,maxtemp,10.9090255,10.9090255
2011,4,maxtemp,19.218736,19.218736
2011,5,maxtemp,26.52399,26.52399
2011,6,maxtemp,30.640236,30.640236
2011,7,maxtemp,36.924686,36.924686
2011,8,maxtemp,35.548052,35.548052
2011,9,maxtemp,29.545902,29.545902
2011,10,maxtemp,24.254582,24.254582
2011,11,maxtemp,14.1790714,14.1790714
2011,12,maxtemp,7.453992,7.453992
2012,1,maxtemp,5.668935,5.668935
2012,2,maxtemp,8.9299957,8.9299957
2012,3,maxtemp,19.44326,19.44326
2012,4,maxtemp,21.31575,21.31575
2012,5,maxtemp,28.961582,28.961582
2012,6,maxtemp,34.231459,34.231459
2012,7,maxtemp,38.147884,38.147884
2012,8,maxtemp,35.169632,35.169632
2012,9,maxtemp,29.886538,29.886538
2012,10,maxtemp,20.252172,20.252172
2012,11,maxtemp,12.6539633,12.6539633
2012,12,maxtemp,5.229004,5.229004
1962,1,mintemp,-13.833746,-13.833746
1962,2,mintemp,-10.509085,-10.509085
1962,3,mintemp,1.199679,1.199679
1962,4,mintemp,5.3379693,5.3379693
1962,5,mintemp,14.6692495,14.6692495
1962,6,mintemp,17.8711705,17.8711705
1962,7,mintemp,19.550742,19.550742
1962,8,mintemp,19.89018,19.89018
1962,9,mintemp,14.988309,14.988309
1962,10,mintemp,11.0616049,11.0616049
1962,11,mintemp,5.457344,5.457344
1962,12,mintemp,-6.419224,-6.419224
1963,1,mintemp,-15.01067,-15.01067
1963,2,mintemp,-12.074406,-12.074406
1963,3,mintemp,-0.021803,-0.021803
1963,4,mintemp,7.5321722,7.5321722
1963,5,mintemp,12.3385472,12.3385472
1963,6,mintemp,19.748293,19.748293
1963,7,mintemp,22.397462,22.397462
1963,8,mintemp,19.366548,19.366548
1963,9,mintemp,16.9764757,16.9764757
1963,10,mintemp,14.341083,14.341083
1963,11,mintemp,5.0329156,5.0329156
1963,12,mintemp,-10.191135,-10.191135
1964,1,mintemp,-6.788803,-6.788803
1964,2,mintemp,-8.588133,-8.588133
1964,3,mintemp,-4.780151,-4.780151
1964,4,mintemp,6.8660326,6.8660326
1964,5,mintemp,15.309675,15.309675
1964,6,mintemp,17.977502,17.977502
1964,7,mintemp,21.467731,21.467731
1964,8,mintemp,18.740402,18.740402
1964,9,mintemp,14.8972087,14.8972087
1964,10,mintemp,9.4525891,9.4525891
1964,11,mintemp,3.1151805,3.1151805
1964,12,mintemp,-10.96257,-10.96257
1965,1,mintemp,-14.977331,-14.977331
1965,2,mintemp,-13.968718,-13.968718
1965,3,mintemp,-8.07356,-8.07356
1965,4,mintemp,7.5429668,7.5429668
1965,5,mintemp,14.2444882,14.2444882
1965,6,mintemp,17.1567745,17.1567745
1965,7,mintemp,20.098244,20.098244
1965,8,mintemp,18.846722,18.846722
1965,9,mintemp,13.1456504,13.1456504
1965,10,mintemp,11.0479658,11.0479658
1965,11,mintemp,1.651844,1.651844
1965,12,mintemp,-1.191577,-1.191577
1966,1,mintemp,-17.158634,-17.158634
1966,2,mintemp,-10.193117,-10.193117
1966,3,mintemp,1.393236,1.393236
1966,4,mintemp,6.5361679,6.5361679
1966,5,mintemp,10.98548734,10.98548734
1966,6,mintemp,19.090255,19.090255
1966,7,mintemp,22.887921,22.887921
1966,8,mintemp,19.9849825,19.9849825
1966,9,mintemp,14.8428226,14.8428226
1966,10,mintemp,9.18865114,9.18865114
1966,11,mintemp,0.402822,0.402822
1966,12,mintemp,-7.17093,-7.17093
1967,1,mintemp,-9.722506,-9.722506
1967,2,mintemp,-15.372156,-15.372156
1967,3,mintemp,-1.320243,-1.320243
1967,4,mintemp,6.52759,6.52759
1967,5,mintemp,9.65582293,9.65582293
1967,6,mintemp,18.591875,18.591875
1967,7,mintemp,19.971314,19.971314
1967,8,mintemp,18.390017,18.390017
1967,9,mintemp,14.3702946,14.3702946
1967,10,mintemp,9.38439244,9.38439244
1967,11,mintemp,1.3070965,1.3070965
1967,12,mintemp,-5.352788,-5.352788
1968,1,mintemp,-10.533817,-10.533817
1968,2,mintemp,-10.87413,-10.87413
1968,3,mintemp,2.185469,2.185469
1968,4,mintemp,7.9726338,7.9726338
1968,5,mintemp,12.885719,12.885719
1968,6,mintemp,18.205993,18.205993
1968,7,mintemp,21.190841,21.190841
1968,8,mintemp,20.01524,20.01524
1968,9,mintemp,16.904615,16.904615
1968,10,mintemp,12.268036,12.268036
1968,11,mintemp,3.820621,3.820621
1968,12,mintemp,-7.08557,-7.08557
1969,1,mintemp,-10.825907,-10.825907
1969,2,mintemp,-7.278538,-7.278538
1969,3,mintemp,-4.149562,-4.149562
1969,4,mintemp,8.5501207,8.5501207
1969,5,mintemp,13.4101288,13.4101288
1969,6,mintemp,15.278276,15.278276
1969,7,mintemp,20.592392,20.592392
1969,8,mintemp,21.335856,21.335856
1969,9,mintemp,16.6598706,16.6598706
1969,10,mintemp,9.17592734,9.17592734
1969,11,mintemp,2.631473,2.631473
1969,12,mintemp,-3.148523,-3.148523
1970,1,mintemp,-13.518373,-13.518373
1970,2,mintemp,-10.47082,-10.47082
1970,3,mintemp,-5.7771,-5.7771
1970,4,mintemp,7.2303457,7.2303457
1970,5,mintemp,12.8927364,12.8927364
1970,6,mintemp,19.902266,19.902266
1970,7,mintemp,22.325346,22.325346
1970,8,mintemp,20.18003,20.18003
1970,9,mintemp,16.3879423,16.3879423
1970,10,mintemp,11.5794735,11.5794735
1970,11,mintemp,2.1593904,2.1593904
1970,12,mintemp,-8.53219,-8.53219
1971,1,mintemp,-15.425125,-15.425125
1971,2,mintemp,-8.467546,-8.467546
1971,3,mintemp,-3.197118,-3.197118
1971,4,mintemp,6.881701,6.881701
1971,5,mintemp,11.2068284,11.2068284
1971,6,mintemp,20.221712,20.221712
1971,7,mintemp,19.478393,19.478393
1971,8,mintemp,18.698587,18.698587
1971,9,mintemp,16.8394704,16.8394704
1971,10,mintemp,12.9908764,12.9908764
1971,11,mintemp,2.75025,2.75025
1971,12,mintemp,-6.79965,-6.79965
1972,1,mintemp,-16.083702,-16.083702
1972,2,mintemp,-12.02543,-12.02543
1972,3,mintemp,-3.532011,-3.532011
1972,4,mintemp,5.7880917,5.7880917
1972,5,mintemp,15.723209,15.723209
1972,6,mintemp,17.9152904,17.9152904
1972,7,mintemp,20.634993,20.634993
1972,8,mintemp,20.748516,20.748516
1972,9,mintemp,14.098392,14.098392
1972,10,mintemp,9.16464084,9.16464084
1972,11,mintemp,3.2897344,3.2897344
1972,12,mintemp,-9.795317,-9.795317
1973,1,mintemp,-8.261583,-8.261583
1973,2,mintemp,-6.971575,-6.971575
1973,3,mintemp,5.7446632,5.7446632
1973,4,mintemp,7.2859173,7.2859173
1973,5,mintemp,13.2397895,13.2397895
1973,6,mintemp,19.222612,19.222612
1973,7,mintemp,21.813662,21.813662
1973,8,mintemp,23.012384,23.012384
1973,9,mintemp,15.376974,15.376974
1973,10,mintemp,13.220223,13.220223
1973,11,mintemp,3.099946,3.099946
1973,12,mintemp,-6.464615,-6.464615
1974,1,mintemp,-11.59594,-11.59594
1974,2,mintemp,-10.1928,-10.1928
1974,3,mintemp,-2.216897,-2.216897
1974,4,mintemp,7.31771,7.31771
1974,5,mintemp,12.285458,12.285458
1974,6,mintemp,17.9096665,17.9096665
1974,7,mintemp,23.464517,23.464517
1974,8,mintemp,19.892279,19.892279
1974,9,mintemp,13.0390725,13.0390725
1974,10,mintemp,10.47183517,10.47183517
1974,11,mintemp,4.121545,4.121545
1974,12,mintemp,-2.121851,-2.121851
1975,1,mintemp,-9.50082,-9.50082
1975,2,mintemp,-8.18542,-8.18542
1975,3,mintemp,-4.674856,-4.674856
1975,4,mintemp,5.3778205,5.3778205
1975,5,mintemp,14.917878,14.917878
1975,6,mintemp,19.4319725,19.4319725
1975,7,mintemp,23.985765,23.985765
1975,8,mintemp,20.399501,20.399501
1975,9,mintemp,14.7573185,14.7573185
1975,10,mintemp,11.5333726,11.5333726
1975,11,mintemp,2.8470445,2.8470445
1975,12,mintemp,-7.677624,-7.677624
1976,1,mintemp,-12.233688,-12.233688
1976,2,mintemp,-3.466149,-3.466149
1976,3,mintemp,-2.062261,-2.062261
1976,4,mintemp,8.9597939,8.9597939
1976,5,mintemp,11.864056,11.864056
1976,6,mintemp,19.808578,19.808578
1976,7,mintemp,21.027032,21.027032
1976,8,mintemp,20.248841,20.248841
1976,9,mintemp,13.9252203,13.9252203
1976,10,mintemp,5.829186,5.829186
1976,11,mintemp,-1.9376135,-1.9376135
1976,12,mintemp,-13.189947,-13.189947
1977,1,mintemp,-15.81542,-15.81542
1977,2,mintemp,-5.408274,-5.408274
1977,3,mintemp,4.0206666,4.0206666
1977,4,mintemp,9.77934082,9.77934082
1977,5,mintemp,17.691985,17.691985
1977,6,mintemp,19.410675,19.410675
1977,7,mintemp,22.475895,22.475895
1977,8,mintemp,17.9693522,17.9693522
1977,9,mintemp,16.734572,16.734572
1977,10,mintemp,10.51290655,10.51290655
1977,11,mintemp,1.845179,1.845179
1977,12,mintemp,-7.157555,-7.157555
1978,1,mintemp,-12.848469,-12.848469
1978,2,mintemp,-11.393042,-11.393042
1978,3,mintemp,-2.585956,-2.585956
1978,4,mintemp,7.175969,7.175969
1978,5,mintemp,14.932235,14.932235
1978,6,mintemp,18.359623,18.359623
1978,7,mintemp,21.830648,21.830648
1978,8,mintemp,21.173836,21.173836
1978,9,mintemp,18.410621,18.410621
1978,10,mintemp,10.5415124,10.5415124
1978,11,mintemp,-0.320806,-0.320806
1978,12,mintemp,-11.341053,-11.341053
1979,1,mintemp,-16.675552,-16.675552
1979,2,mintemp,-12.71212,-12.71212
1979,3,mintemp,-0.537107,-0.537107
1979,4,mintemp,5.3282914,5.3282914
1979,5,mintemp,11.5344185,11.5344185
1979,6,mintemp,16.9172697,16.9172697
1979,7,mintemp,21.8397,21.8397
1979,8,mintemp,19.449726,19.449726
1979,9,mintemp,16.83391,16.83391
1979,10,mintemp,9.17028403,9.17028403
1979,11,mintemp,2.1595488,2.1595488
1979,12,mintemp,-2.763947,-2.763947
1980,1,mintemp,-10.527798,-10.527798
1980,2,mintemp,-8.774483,-8.774483
1980,3,mintemp,-4.750571,-4.750571
1980,4,mintemp,8.4616858,8.4616858
1980,5,mintemp,14.6776977,14.6776977
1980,6,mintemp,18.520581,18.520581
1980,7,mintemp,22.111764,22.111764
1980,8,mintemp,21.597391,21.597391
1980,9,mintemp,15.452616,15.452616
1980,10,mintemp,8.1852844,8.1852844
1980,11,mintemp,3.307339,3.307339
1980,12,mintemp,-8.327143,-8.327143
1981,1,mintemp,-9.350775,-9.350775
1981,2,mintemp,-5.034752,-5.034752
1981,3,mintemp,1.702683,1.702683
1981,4,mintemp,8.3006313,8.3006313
1981,5,mintemp,12.388332,12.388332
1981,6,mintemp,18.766965,18.766965
1981,7,mintemp,21.387249,21.387249
1981,8,mintemp,21.509671,21.509671
1981,9,mintemp,14.948493,14.948493
1981,10,mintemp,9.6128407,9.6128407
1981,11,mintemp,6.0220828,6.0220828
1981,12,mintemp,-5.5542345,-5.5542345
1982,1,mintemp,-18.860493,-18.860493
1982,2,mintemp,-9.583817,-9.583817
1982,3,mintemp,-2.304709,-2.304709
1982,4,mintemp,5.2500534,5.2500534
1982,5,mintemp,15.677231,15.677231
1982,6,mintemp,15.740813,15.740813
1982,7,mintemp,22.139729,22.139729
1982,8,mintemp,19.771723,19.771723
1982,9,mintemp,16.5087237,16.5087237
1982,10,mintemp,12.146674,12.146674
1982,11,mintemp,0.404774,0.404774
1982,12,mintemp,-2.144983,-2.144983
1983,1,mintemp,-7.017698,-7.017698
1983,2,mintemp,-1.917636,-1.917636
1983,3,mintemp,2.830905,2.830905
1983,4,mintemp,6.5729287,6.5729287
1983,5,mintemp,10.82286674,10.82286674
1983,6,mintemp,18.838024,18.838024
1983,7,mintemp,23.832671,23.832671
1983,8,mintemp,23.108306,23.108306
1983,9,mintemp,17.3871756,17.3871756
1983,10,mintemp,10.84606314,10.84606314
1983,11,mintemp,4.656314,4.656314
1983,12,mintemp,-14.426146,-14.426146
1984,1,mintemp,-11.2329,-11.2329
1984,2,mintemp,-0.792499,-0.792499
1984,3,mintemp,-3.787684,-3.787684
1984,4,mintemp,8.1800731,8.1800731
1984,5,mintemp,12.489206,12.489206
1984,6,mintemp,20.065265,20.065265
1984,7,mintemp,20.794322,20.794322
1984,8,mintemp,22.22479,22.22479
1984,9,mintemp,14.0452776,14.0452776
1984,10,mintemp,12.6567345,12.6567345
1984,11,mintemp,1.732887,1.732887
1984,12,mintemp,-7.312927,-7.312927
1985,1,mintemp,-11.624285,-11.624285
1985,2,mintemp,-10.082596,-10.082596
1985,3,mintemp,3.226015,3.226015
1985,4,mintemp,9.31765515,9.31765515
1985,5,mintemp,14.967789,14.967789
1985,6,mintemp,15.5770693,15.5770693
1985,7,mintemp,19.673601,19.673601
1985,8,mintemp,18.966427,18.966427
1985,9,mintemp,15.4883566,15.4883566
1985,10,mintemp,8.7528447,8.7528447
1985,11,mintemp,-3.050067,-3.050067
1985,12,mintemp,-13.043917,-13.043917
1986,1,mintemp,-7.56329,-7.56329
1986,2,mintemp,-8.140327,-8.140327
1986,3,mintemp,1.386734,1.386734
1986,4,mintemp,9.93118276,9.93118276
1986,5,mintemp,14.440578,14.440578
1986,6,mintemp,18.612884,18.612884
1986,7,mintemp,23.010864,23.010864
1986,8,mintemp,19.187906,19.187906
1986,9,mintemp,16.2950153,16.2950153
1986,10,mintemp,10.25960076,10.25960076
1986,11,mintemp,-0.4725485,-0.4725485
1986,12,mintemp,-3.973869,-3.973869
1987,1,mintemp,-6.400034,-6.400034
1987,2,mintemp,-0.0917635,-0.0917635
1987,3,mintemp,3.461544,3.461544
1987,4,mintemp,8.9890252,8.9890252
1987,5,mintemp,15.207953,15.207953
1987,6,mintemp,19.353614,19.353614
1987,7,mintemp,23.639117,23.639117
1987,8,mintemp,20.564434,20.564434
1987,9,mintemp,17.117187,17.117187
1987,10,mintemp,8.2940279,8.2940279
1987,11,mintemp,4.5940576,4.5940576
1987,12,mintemp,-0.721901,-0.721901
1988,1,mintemp,-12.615261,-12.615261
1988,2,mintemp,-12.3749,-12.3749
1988,3,mintemp,-0.040969,-0.040969
1988,4,mintemp,6.2916708,6.2916708
1988,5,mintemp,15.9586496,15.9586496
1988,6,mintemp,19.641082,19.641082
1988,7,mintemp,22.505808,22.505808
1988,8,mintemp,22.284473,22.284473
1988,9,mintemp,16.816403,16.816403
1988,10,mintemp,7.3394938,7.3394938
1988,11,mintemp,3.802841,3.802841
1988,12,mintemp,-7.7551,-7.7551
1989,1,mintemp,-8.145039,-8.145039
1989,2,mintemp,-14.678621,-14.678621
1989,3,mintemp,-3.552865,-3.552865
1989,4,mintemp,6.2446842,6.2446842
1989,5,mintemp,13.3001418,13.3001418
1989,6,mintemp,18.658353,18.658353
1989,7,mintemp,23.046706,23.046706
1989,8,mintemp,21.21325,21.21325
1989,9,mintemp,15.9541683,15.9541683
1989,10,mintemp,9.52996466,9.52996466
1989,11,mintemp,-0.322191,-0.322191
1989,12,mintemp,-12.391142,-12.391142
1990,1,mintemp,-4.562309,-4.562309
1990,2,mintemp,-8.630392,-8.630392
1990,3,mintemp,1.42482,1.42482
1990,4,mintemp,7.4840732,7.4840732
1990,5,mintemp,12.1056926,12.1056926
1990,6,mintemp,19.965306,19.965306
1990,7,mintemp,20.952514,20.952514
1990,8,mintemp,20.841488,20.841488
1990,9,mintemp,16.682422,16.682422
1990,10,mintemp,8.4886476,8.4886476
1990,11,mintemp,3.350484,3.350484
1990,12,mintemp,-8.248293,-8.248293
1991,1,mintemp,-11.929495,-11.929495
1991,2,mintemp,-5.202152,-5.202152
1991,3,mintemp,0.76562,0.76562
1991,4,mintemp,9.28860044,9.28860044
1991,5,mintemp,16.709002,16.709002
1991,6,mintemp,20.702924,20.702924
1991,7,mintemp,21.939289,21.939289
1991,8,mintemp,21.658357,21.658357
1991,9,mintemp,15.8882284,15.8882284
1991,10,mintemp,8.5906711,8.5906711
1991,11,mintemp,-0.813176,-0.813176
1991,12,mintemp,-5.573753,-5.573753
1992,1,mintemp,-5.1344185,-5.1344185
1992,2,mintemp,-1.740739,-1.740739
1992,3,mintemp,1.12177,1.12177
1992,4,mintemp,7.2013087,7.2013087
1992,5,mintemp,14.6753755,14.6753755
1992,6,mintemp,17.005344,17.005344
1992,7,mintemp,18.629906,18.629906
1992,8,mintemp,19.11163,19.11163
1992,9,mintemp,15.084783,15.084783
1992,10,mintemp,8.3973074,8.3973074
1992,11,mintemp,3.3367343,3.3367343
1992,12,mintemp,-5.969092,-5.969092
1993,1,mintemp,-10.18346,-10.18346
1993,2,mintemp,-8.052738,-8.052738
1993,3,mintemp,-0.545169,-0.545169
1993,4,mintemp,6.5025282,6.5025282
1993,5,mintemp,13.2605388,13.2605388
1993,6,mintemp,17.8090444,17.8090444
1993,7,mintemp,21.773492,21.773492
1993,8,mintemp,21.504802,21.504802
1993,9,mintemp,13.372972,13.372972
1993,10,mintemp,7.3547099,7.3547099
1993,11,mintemp,-0.37272,-0.37272
1993,12,mintemp,-4.701688,-4.701688
1994,1,mintemp,-17.133102,-17.133102
1994,2,mintemp,-11.598904,-11.598904
1994,3,mintemp,1.736445,1.736445
1994,4,mintemp,6.8386343,6.8386343
1994,5,mintemp,14.232796,14.232796
1994,6,mintemp,20.433453,20.433453
1994,7,mintemp,21.383311,21.383311
1994,8,mintemp,19.820749,19.820749
1994,9,mintemp,18.286292,18.286292
1994,10,mintemp,12.963988,12.963988
1994,11,mintemp,4.855122,4.855122
1994,12,mintemp,-2.160887,-2.160887
1995,1,mintemp,-7.2841,-7.2841
1995,2,mintemp,-10.30055,-10.30055
1995,3,mintemp,1.018683,1.018683
1995,4,mintemp,5.330249,5.330249
1995,5,mintemp,13.651728,13.651728
1995,6,mintemp,21.461894,21.461894
1995,7,mintemp,21.895198,21.895198
1995,8,mintemp,22.480647,22.480647
1995,9,mintemp,15.2220426,15.2220426
1995,10,mintemp,10.72980857,10.72980857
1995,11,mintemp,-2.627649,-2.627649
1995,12,mintemp,-8.699429,-8.699429
1996,1,mintemp,-17.624746,-17.624746
1996,2,mintemp,-10.193632,-10.193632
1996,3,mintemp,-5.543912,-5.543912
1996,4,mintemp,4.553527,4.553527
1996,5,mintemp,11.9408368,11.9408368
1996,6,mintemp,19.445848,19.445848
1996,7,mintemp,20.869241,20.869241
1996,8,mintemp,21.422756,21.422756
1996,9,mintemp,17.5244894,17.5244894
1996,10,mintemp,9.79847264,9.79847264
1996,11,mintemp,-1.299613,-1.299613
1996,12,mintemp,-7.322346,-7.322346
1997,1,mintemp,-11.52109,-11.52109
1997,2,mintemp,-7.953909,-7.953909
1997,3,mintemp,-1.720281,-1.720281
1997,4,mintemp,5.6876435,5.6876435
1997,5,mintemp,10.9518447,10.9518447
1997,6,mintemp,19.722491,19.722491
1997,7,mintemp,21.422878,21.422878
1997,8,mintemp,19.377947,19.377947
1997,9,mintemp,17.002231,17.002231
1997,10,mintemp,10.18280935,10.18280935
1997,11,mintemp,0.7781725,0.7781725
1997,12,mintemp,0.320554,0.320554
1998,1,mintemp,-4.695108,-4.695108
1998,2,mintemp,2.886676,2.886676
1998,3,mintemp,0.892569,0.892569
1998,4,mintemp,8.6225029,8.6225029
1998,5,mintemp,15.396721,15.396721
1998,6,mintemp,19.45623,19.45623
1998,7,mintemp,21.533513,21.533513
1998,8,mintemp,22.074209,22.074209
1998,9,mintemp,17.3377852,17.3377852
1998,10,mintemp,12.0243027,12.0243027
1998,11,mintemp,4.3810277,4.3810277
1998,12,mintemp,-4.423771,-4.423771
1999,1,mintemp,-10.454592,-10.454592
1999,2,mintemp,-3.463794,-3.463794
1999,3,mintemp,1.054083,1.054083
1999,4,mintemp,8.9549443,8.9549443
1999,5,mintemp,15.589909,15.589909
1999,6,mintemp,19.814469,19.814469
1999,7,mintemp,23.094504,23.094504
1999,8,mintemp,20.915909,20.915909
1999,9,mintemp,15.996073,15.996073
1999,10,mintemp,9.0437327,9.0437327
1999,11,mintemp,5.908205,5.908205
1999,12,mintemp,-3.049084,-3.049084
2000,1,mintemp,-10.927841,-10.927841
2000,2,mintemp,-3.755832,-3.755832
2000,3,mintemp,3.557968,3.557968
2000,4,mintemp,6.7373848,6.7373848
2000,5,mintemp,14.879306,14.879306
2000,6,mintemp,17.205756,17.205756
2000,7,mintemp,21.852561,21.852561
2000,8,mintemp,21.102252,21.102252
2000,9,mintemp,13.9571576,13.9571576
2000,10,mintemp,10.84593266,10.84593266
2000,11,mintemp,4.402559,4.402559
2000,12,mintemp,-12.617016,-12.617016
2001,1,mintemp,-5.8156,-5.8156
2001,2,mintemp,-12.756721,-12.756721
2001,3,mintemp,-2.550519,-2.550519
2001,4,mintemp,8.7106719,8.7106719
2001,5,mintemp,14.854534,14.854534
2001,6,mintemp,19.961442,19.961442
2001,7,mintemp,21.926663,21.926663
2001,8,mintemp,21.473924,21.473924
2001,9,mintemp,15.855429,15.855429
2001,10,mintemp,9.62039542,9.62039542
2001,11,mintemp,8.1958317,8.1958317
2001,12,mintemp,-0.859312,-0.859312
2002,1,mintemp,-5.574774,-5.574774
2002,2,mintemp,-3.644028,-3.644028
2002,3,mintemp,-5.911261,-5.911261
2002,4,mintemp,6.7565882,6.7565882
2002,5,mintemp,10.7529211,10.7529211
2002,6,mintemp,20.376508,20.376508
2002,7,mintemp,23.615299,23.615299
2002,8,mintemp,21.88554,21.88554
2002,9,mintemp,17.938094,17.938094
2002,10,mintemp,7.144851,7.144851
2002,11,mintemp,0.6516,0.6516
2002,12,mintemp,-2.452714,-2.452714
2003,1,mintemp,-9.664602,-9.664602
2003,2,mintemp,-10.947405,-10.947405
2003,3,mintemp,-2.141115,-2.141115
2003,4,mintemp,6.4948876,6.4948876
2003,5,mintemp,12.8924649,12.8924649
2003,6,mintemp,17.8950663,17.8950663
2003,7,mintemp,21.259318,21.259318
2003,8,mintemp,22.3918705,22.3918705
2003,9,mintemp,16.669042,16.669042
2003,10,mintemp,10.31371585,10.31371585
2003,11,mintemp,1.487919,1.487919
2003,12,mintemp,-2.7745905,-2.7745905
2004,1,mintemp,-13.388514,-13.388514
2004,2,mintemp,-5.831874,-5.831874
2004,3,mintemp,1.406904,1.406904
2004,4,mintemp,6.8593943,6.8593943
2004,5,mintemp,11.5945941,11.5945941
2004,6,mintemp,16.817854,16.817854
2004,7,mintemp,20.498628,20.498628
2004,8,mintemp,17.2589455,17.2589455
2004,9,mintemp,18.829741,18.829741
2004,10,mintemp,11.3555437,11.3555437
2004,11,mintemp,4.439028,4.439028
2004,12,mintemp,-7.200516,-7.200516
2005,1,mintemp,-12.99496,-12.99496
2005,2,mintemp,-5.206794,-5.206794
2005,3,mintemp,-3.572013,-3.572013
2005,4,mintemp,9.45590407,9.45590407
2005,5,mintemp,13.884526,13.884526
2005,6,mintemp,20.805246,20.805246
2005,7,mintemp,22.604527,22.604527
2005,8,mintemp,20.080952,20.080952
2005,9,mintemp,17.053679,17.053679
2005,10,mintemp,11.2552242,11.2552242
2005,11,mintemp,3.688454,3.688454
2005,12,mintemp,-2.631188,-2.631188
2006,1,mintemp,-1.015162,-1.015162
2006,2,mintemp,-9.421293,-9.421293
2006,3,mintemp,1.676372,1.676372
2006,4,mintemp,9.63305405,9.63305405
2006,5,mintemp,16.280636,16.280636
2006,6,mintemp,18.900345,18.900345
2006,7,mintemp,23.235881,23.235881
2006,8,mintemp,20.0807,20.0807
2006,9,mintemp,14.1622615,14.1622615
2006,10,mintemp,8.1828932,8.1828932
2006,11,mintemp,4.424586,4.424586
2006,12,mintemp,-0.809027,-0.809027
2007,1,mintemp,-7.178217,-7.178217
2007,2,mintemp,-10.936054,-10.936054
2007,3,mintemp,1.757342,1.757342
2007,4,mintemp,5.93924,5.93924
2007,5,mintemp,15.6267056,15.6267056
2007,6,mintemp,20.447491,20.447491
2007,7,mintemp,21.9329605,21.9329605
2007,8,mintemp,20.328668,20.328668
2007,9,mintemp,16.110804,16.110804
2007,10,mintemp,12.9177794,12.9177794
2007,11,mintemp,3.710116,3.710116
2007,12,mintemp,-7.213352,-7.213352
2008,1,mintemp,-10.1876,-10.1876
2008,2,mintemp,-10.908945,-10.908945
2008,3,mintemp,-2.856752,-2.856752
2008,4,mintemp,6.7769923,6.7769923
2008,5,mintemp,11.3986009,11.3986009
2008,6,mintemp,18.469942,18.469942
2008,7,mintemp,20.990461,20.990461
2008,8,mintemp,20.016666,20.016666
2008,9,mintemp,16.914793,16.914793
2008,10,mintemp,11.14996,11.14996
2008,11,mintemp,3.5817738,3.5817738
2008,12,mintemp,-11.910336,-11.910336
2009,1,mintemp,-15.79149,-15.79149
2009,2,mintemp,-7.139025,-7.139025
2009,3,mintemp,-1.2724,-1.2724
2009,4,mintemp,8.0755175,8.0755175
2009,5,mintemp,12.389432,12.389432
2009,6,mintemp,17.877356,17.877356
2009,7,mintemp,19.776981,19.776981
2009,8,mintemp,20.345229,20.345229
2009,9,mintemp,19.2331,19.2331
2009,10,mintemp,9.56099272,9.56099272
2009,11,mintemp,7.0091066,7.0091066
2009,12,mintemp,-6.764069,-6.764069
2010,1,mintemp,-8.962923,-8.962923
2010,2,mintemp,-8.655018,-8.655018
2010,3,mintemp,5.2326756,5.2326756
2010,4,mintemp,9.3819322,9.3819322
2010,5,mintemp,14.677394,14.677394
2010,6,mintemp,19.60721,19.60721
2010,7,mintemp,23.22374,23.22374
2010,8,mintemp,23.413752,23.413752
2010,9,mintemp,14.9697237,14.9697237
2010,10,mintemp,10.90984887,10.90984887
2010,11,mintemp,3.5012555,3.5012555
2010,12,mintemp,-7.10905,-7.10905
2011,1,mintemp,-11.432274,-11.432274
2011,2,mintemp,-8.530693,-8.530693
2011,3,mintemp,-2.4379225,-2.4379225
2011,4,mintemp,8.0420358,8.0420358
2011,5,mintemp,13.8656201,13.8656201
2011,6,mintemp,19.323422,19.323422
2011,7,mintemp,23.600159,23.600159
2011,8,mintemp,21.431119,21.431119
2011,9,mintemp,15.2048426,15.2048426
2011,10,mintemp,12.108607,12.108607
2011,11,mintemp,4.375458,4.375458
2011,12,mintemp,-1.574475,-1.574475
2012,1,mintemp,-4.53674,-4.53674
2012,2,mintemp,-2.584073,-2.584073
2012,3,mintemp,6.458245,6.458245
2012,4,mintemp,8.3345232,8.3345232
2012,5,mintemp,15.85991,15.85991
2012,6,mintemp,20.2489805,20.2489805
2012,7,mintemp,24.217842,24.217842
2012,8,mintemp,20.164425,20.164425
2012,9,mintemp,13.5829911,13.5829911
2012,10,mintemp,9.33425575,9.33425575
2012,11,mintemp,3.007985,3.007985
2012,12,mintemp,-3.969237,-3.969237
